USE gabinet_dentystyczny

INSERT INTO dbo.Osoby(PESEL, Imie, Nazwisko, Miejscowosc, Data_urodzenia, Nr_telefonu)
VALUES 
('92010112345', 'Anna', 'Nowak', 'Gdańsk', '1992-01-01', '123456789'),
('87030323456', 'Jan', 'Kowalski', 'Gdańsk', '1987-03-03', '234567890'),
('85050534567', 'Karolina', 'Wiśniewska', 'Gdańsk', '1985-05-05', '345678901'),
('88070745678', 'Marek', 'Lewandowski', 'Sopot', '1988-07-07', '456789012'),
('90090956789', 'Magdalena', 'Kaczmarek', 'Gdynia', '1990-09-09', '567890123'),
('08121267890', 'Piotr', 'Nowak', 'Gdańsk', '2008-12-12', '678901234'),
('10010178901', 'Maria', 'Kowalska', 'Gdańsk', '2010-01-01', '789012345'),
('07030389012', 'Marcin', 'Wiśniewski', 'Gdańsk', '2007-03-03', '890123456'),
('11050590123', 'Katarzyna', 'Lewandowska', 'Sopot', '2011-05-05', '901234567'),
('93070711234', 'Michał', 'Kowalczyk', 'Gdańsk', '1993-07-07', '112239205'),
('86080822345', 'Aleksandra', 'Dąbrowska', 'Gdańsk', '1986-08-08', '223323556'),
('91091033456', 'Artur', 'Jankowski', 'Sopot', '1991-09-10', '334455222'),
('94010144567', 'Natalia', 'Zielińska', 'Gdynia', '1994-01-01', '445566223'),
('06020255678', 'Łukasz', 'Zieliński', 'Gdynia', '2006-02-02', '556677224'),
('12040466789', 'Patrycja', 'Zielińska', 'Gdynia', '2012-04-04', '667788225'),
('04060677890', 'Daniel', 'Dąbrowski', 'Rumia', '2004-06-06', '778899226'),
('14080888901', 'Monika', 'Dąbrowska', 'Wejherowo', '2014-08-08', '889900227'),
('89091099012', 'Tomasz', 'Kowalik', 'Gdańsk', '1989-09-10', '990011228'),
('98010100123', 'Ewa', 'Lis', 'Gdańsk', '1998-01-01', '001122229'),
('92020211234', 'Wojciech', 'Pawłowski', 'Sopot', '1992-02-02', '112233230'),
('96040422345', 'Kinga', 'Sikorska', 'Gdynia', '1996-04-04', '223344231'),
('05050533456', 'Dominik', 'Jankowski', 'Sopot', '2005-05-05', '334455232'),
('13060644567', 'Aleksandra', 'Kowalik', 'Gdańsk', '2013-06-06', '445566233'),
('09080855678', 'Krzysztof', 'Sikorski', 'Gdynia', '2009-08-08', '556677234'),
('11010166789', 'Anna', 'Dąbrowska', 'Wejherowo', '2011-01-01', '667788235'),
('94030311234', 'Rafał', 'Sobczak', 'Gdańsk', '1994-03-03', '112233236'),
('87050522345', 'Agata', 'Mazur', 'Gdańsk', '1987-05-05', '223344237'),
('61070733456', 'Kamil', 'Krawczyk', 'Sopot', '1961-07-07', '334455238'),
('56090944567', 'Ewelina', 'Szymczak', 'Gdynia', '1956-09-09', '445566239'),
('08021255678', 'Adrian', 'Sobczak', 'Gdańsk', '2008-02-12', '556677240'),
('10040466789', 'Wiktoria', 'Sobczak', 'Gdańsk', '2010-04-04', '667788241'),
('50060677890', 'Hubert', 'Sobczak', 'Gdańsk', '1950-06-06', '778899242'),
('51080888901', 'Zofia', 'Dąbrowska', 'Wejherowo', '1951-08-08', '889900243'),
('60091099012', 'Patryk', 'Wróbel', 'Gdańsk', '1960-09-10', '990011244'),
('93010100123', 'Joanna', 'Kozłowska', 'Gdańsk', '1993-01-01', '001122245'),
('72020211234', 'Kacper', 'Witkowski', 'Sopot', '1972-02-02', '112233246'),
('96040422105', 'Justyna', 'Białek', 'Gdynia', '1996-04-04', '223344247'),
('05050503006', 'Kamil', 'Witkowski', 'Sopot', '2005-05-05', '334455248'),
('13060642367', 'Maja', 'Witkowska', 'Sopot', '2013-06-06', '445566249'),
('77080855600', 'Michał', 'Jaworski', 'Rumia', '1977-08-08', '556677250'),
('64010166711', 'Natalia', 'Sawicka', 'Wejherowo', '1964-01-01', '667788251'),
('65020166711', 'Natalia', 'Płoska', 'Wejherowo', '1965-02-01', '667788251'),
('66030166711', 'Natalia', 'Łukaszewska', 'Wejherowo', '1966-03-01', '667788251'),
('67040166711', 'Otylia', 'Mróz', 'Wejherowo', '1967-04-01', '667788251'),
('68050166711', 'Maja', 'Szefler', 'Wejherowo', '1968-05-01', '667788251'),
('69060166711', 'Agnieszka', 'Sawicka', 'Wejherowo', '1969-06-01', '667788251'),
('70070166711', 'Natalia', 'Kowalska', 'Wejherowo', '1970-07-01', '667788251'),
('71080166711', 'Natalia', 'Nowak', 'Wejherowo', '1948-08-01', '667788251');

INSERT INTO dbo.Pacjenci(PESEL, PESEL_rodzica)
VALUES 
('92010112345', NULL),
('87030323456', NULL),
('85050534567', NULL),
('88070745678', NULL),
('90090956789', NULL),
('08121267890', '92010112345'),
('10010178901', '87030323456'),
('07030389012', '85050534567'),
('11050590123', '88070745678'),
('93070711234', NULL),
('86080822345', NULL),
('91091033456', NULL),
('94010144567', NULL),
('06020255678', '94010144567'),
('12040466789', '94010144567'),
('04060677890', NULL),
('14080888901', '86080822345'),
('89091099012', NULL),
('98010100123', NULL),
('92020211234', NULL),
('96040422345', NULL),
('05050533456', NULL),
('13060644567', '89091099012'),
('09080855678', '96040422345'),
('11010166789', '86080822345'),
('94030311234', NULL),
('87050522345', NULL),
('61070733456', NULL),
('56090944567', NULL),
('08021255678', '94030311234'),
('10040466789', '94030311234'),
('50060677890', NULL),
('51080888901', NULL),
('60091099012', NULL),
('93010100123', NULL),
('72020211234', NULL),
('96040422105', NULL),
('05050503006', NULL),
('13060642367', '72020211234');

INSERT INTO dbo.Dentysci(PESEL, Data_zawarcia_umowy, Data_zakonczenia_umowy)
VALUES
('87050522345', '2010-02-03', NULL),
('61070733456', '2011-04-06', '2013-10-09'),
('56090944567', '2014-01-07', '2020-10-12'),
('50060677890', '2011-03-08', '2021-12-09'),
('51080888901', '2004-11-09', '2013-10-08'),
('60091099012', '2020-12-10', NULL),
('93010100123', '2022-04-11', NULL),
('72020211234', '2005-06-12', NULL),
('96040422105', '2001-08-13', NULL),
('77080855600', '2002-09-14', '2005-05-12'),
('64010166711', '2003-10-15', '2021-04-03'),
('65020166711', '2004-11-17', NULL),
('66030166711', '2005-12-20', '2007-02-05'),
('67040166711', '2006-01-21', NULL),
('68050166711', '2007-02-22', '2021-02-01'),
('69060166711', '2015-03-23', '2022-01-30'),
('70070166711', '2016-04-30', NULL),
('71080166711', '2017-05-31', '2023-09-29'),
('92010112345', '2018-06-01', NULL),
('87030323456', '2019-07-05', '2020-08-28');

INSERT INTO dbo.Oddzialy(Nr_oddzialu, Ulica, Numer_budynku)
VALUES
(1, 'Jana Pawła II', 15),
(2, 'Marszałkowska', 22),
(3, 'Zamkowy', 7),
(4, 'Piękna', 45),
(5, 'Nowy Świat', 31),
(6, 'Słowackiego', 10),
(7, 'Mickiewicza', 18),
(8, 'Waryńskiego', 55),
(9, 'Koszykowa', 42),
(10, 'Puławska', 91),
(11, 'Dworska', 3),
(12, 'Chmielna', 27),
(13, 'Krucza', 69),
(14, 'Mokotowska', 12),
(15, 'Nowowiejska', 36),
(16, 'Królewska', 50),
(17, 'Wyspiańskiego', 84),
(18, 'Nowa', 20),
(19, 'Traugutta', 77),
(20, 'Chodowieckiego', 63);

INSERT INTO dbo.Sale(Nr_sali, Nr_oddzialu)
VALUES
(12, 1),
(10, 2),
(5, 3),
(1, 4),
(1, 5),
(7, 6),
(6, 7),
(12, 8),
(12, 9),
(11, 10),
(10, 11),
(3, 12),
(2, 13),
(2, 14),
(10, 15),
(21, 16),
(5, 17),
(14, 18),
(1, 19),
(2, 20);

INSERT INTO dbo.Uslugi(Nazwa, Cena, Czas)
VALUES
('badanie stomatologiczne', 80, 30),
('profesjonalne czyszczenie zębów', 120, 60),
('plomba kompozytowa', 150, 45),
('wybielanie zębów', 250, 60),
('usuwanie kamienia nazębnego', 100, 30),
('leczenie kanałowe', 500, 90),
('zakładanie aparatu stałego', 4000, 120),
('zakładanie aparatu ruchomego', 2500, 90),
('ekstrakcja zęba', 200, 45),
('most protetyczny', 1200, 120),
('proteza stomatologiczna całkowita', 2500, 150),
('proteza stomatologiczna częściowa', 1500, 120),
('implant dentystyczny', 3500, 90),
('szynowanie zębów', 180, 30),
('leczenie próchnicy', 120, 60),
('znieczulenie miejscowe', 50, 15),
('wizyta kontrolna', 60, 30),
('konsultacja ortodontyczna', 80, 30),
('próba protetyczna', 150, 45),
('ocena ortodontyczna', 80, 30);

INSERT INTO dbo.Wyplaty(PESEL_dentysty, Data, Kwota, Premia)
VALUES
('87050522345', '2023-12-11', 5600, 300),
('61070733456', '2023-12-11', 6300, 400),
('56090944567', '2023-12-11', 8800, 700),
('50060677890', '2022-12-11', 5200, NULL),
('51080888901', '2009-11-11', 6600, 300),
('60091099012', '2023-12-11', 7600, NULL),
('93010100123', '2023-12-11', 8600, NULL),
('72020211234', '2015-07-11', 9600, NULL),
('96040422105', '2023-12-11', 5800, 700),
('77080855600', '2004-10-11', 6000, 600),
('64010166711', '2021-12-11', 6200, 500),
('65020166711', '2013-12-11', 6400, 400),
('66030166711', '2006-01-11', 7200, NULL),
('67040166711', '2020-02-11', 10000, NULL),
('68050166711', '2023-03-11', 8000, 500),
('69060166711', '2023-04-11', 7700, 400),
('70070166711', '2006-05-11', 8600, 350),
('71080166711', '2019-06-11', 6600, 400),
('92010112345', '2020-07-11', 4600, NULL),
('87030323456', '2023-12-11', 10600, NULL),
('64010166711', '2023-12-11', 6500, 600),
('65020166711', '2023-12-11', 8500, NULL),
('66030166711', '2023-05-11', 7800, 300);

INSERT INTO dbo.Wizyty(PESEL_pacjenta, Data, Godzina, Ocena_wizyty, Opinia, Odbyla_sie, PESEL_dentysty, Nr_sali, Nr_oddzialu)
VALUES
('92010112345', '2023-01-01', '07:30:00', 4, NULL, 1, '87050522345', 12, 1),
('92010112345', '2023-01-01', '07:35:00', 5, NULL, 1, '87050522345', 12, 1),
('92010112345', '2023-01-01', '07:36:00', 2, NULL, 1, '87050522345', 12, 1),
('92010112345', '2023-01-01', '07:37:00', 3, NULL, 1, '87050522345', 12, 1),
('92010112345', '2023-01-01', '07:38:00', 1, NULL, 1, '87050522345', 12, 1),
('92010112345', '2023-01-01', '07:39:00', 2, NULL, 1, '87050522345', 12, 1),
('92010112345', '2024-01-01', '07:43:00', 2, NULL, 0, '87050522345', 12, 1),
('92010112345', '2024-01-01', '07:41:00', 2, NULL, 0, '87050522345', 12, 1),
('92010112345', '2024-01-01', '07:42:00', 2, NULL, 0, '87050522345', 12, 1),
('92010112345', '2023-01-01', '07:40:00', NULL, NULL, 1, '87050522345', 12, 1),
('87030323456', '2023-02-02', '07:30:00', 3, 'przyjazny dentysta', 1, '61070733456', 10, 2),
('85050534567', '2023-03-03', '08:00:00', 5, NULL, 1, '50060677890', 5, 3),
('88070745678', '2023-04-04', '10:00:00', NULL, NULL, 1, '65020166711', 10, 2),
('90090956789', '2023-05-05', '11:00:00', 1, NULL, 1, '93010100123', 5, 3),
('08121267890', '2023-06-06', '12:00:00', 4, 'udana wizyta', 1, '96040422105', 10, 11),
('08121267890', '2023-06-06', '12:01:00', 1, 'udana wizyta', 1, '96040422105', 12, 8),
('08121267890', '2023-06-06', '12:02:00', 5, 'udana wizyta', 1, '96040422105', 12, 1),
('08121267890', '2023-06-06', '12:03:00', 5, 'udana wizyta', 1, '96040422105', 12, 1),
('08121267890', '2023-06-06', '12:04:00', 2, 'udana wizyta', 1, '96040422105', 12, 1),
('10010178901', '2023-07-07', '13:00:00', NULL, NULL, 1, '51080888901', 1, 4),
('07030389012', '2023-08-08', '14:00:00', 5, NULL, 1, '65020166711', 1, 5),
('11050590123', '2023-09-09', '15:00:00', 2, NULL, 1, '92010112345', 7, 6),
('93070711234', '2023-10-10', '16:00:00', 1, NULL, 1, '64010166711', 6, 7),
('86080822345', '2023-11-11', '17:00:00', NULL, NULL, 1, '64010166711', 12, 8),
('91091033456', '2023-12-12', '18:00:00', 3, NULL, 0, '61070733456', 12, 9),
('94010144567', '2024-01-01', '19:00:00', 5, 'bezboleśne wykonane', 1, '92010112345', 11, 10),
('06020255678', '2024-02-02', '07:00:00', 2, NULL, 0, '61070733456', 10, 11),
('12040466789', '2024-03-03', '08:00:00', 1, NULL, 0, '66030166711', 3, 12),
('04060677890', '2024-04-04', '09:00:00', 4, NULL, 0, '67040166711', 2, 13),
('14080888901', '2024-05-05', '10:00:00', 3, NULL, 0, '64010166711', 2, 14),
('89091099012', '2024-06-06', '11:00:00', 5, NULL, 0, '67040166711', 3, 12),
('98010100123', '2024-07-07', '12:10:00', 2, NULL, 0, '92010112345', 21, 16),
('98010100123', '2024-07-07', '12:09:00', 2, NULL, 0, '92010112345', 21, 16),
('98010100123', '2024-07-07', '12:08:00', 2, NULL, 0, '92010112345', 21, 16),
('98010100123', '2024-07-07', '12:07:00', 2, NULL, 1, '92010112345', 21, 16),
('98010100123', '2024-07-07', '12:06:00', 3, NULL, 1, '92010112345', 21, 16),
('98010100123', '2024-07-07', '12:05:00', 5, NULL, 1, '92010112345', 21, 16),
('98010100123', '2024-07-07', '12:04:00', 1, NULL, 1, '92010112345', 21, 16),
('98010100123', '2024-07-07', '12:03:00', 2, NULL, 1, '92010112345', 21, 16),
('98010100123', '2024-07-07', '12:02:00', 3, NULL, 1, '92010112345', 21, 16),
('98010100123', '2024-07-07', '12:01:00', 5, NULL, 1, '92010112345', 21, 16),
('92020211234', '2024-08-08', '13:00:00', 1, NULL, 0, '61070733456', 2, 14),
('96040422345', '2024-09-09', '14:00:00', 4, NULL, 0, '66030166711', 2, 13),
('05050533456', '2024-10-10', '15:00:00', NULL, NULL, 0, '96040422105', 3, 12),
('13060644567', '2024-11-11', '16:00:00', 5, NULL, 0, '96040422105', 10, 15),
('09080855678', '2024-12-12', '17:00:00', 2, 'strasznie bolało, dentysta nie miły', 0, '92010112345', 10, 15),
('11010166789', '2018-01-01', '18:00:00', NULL, NULL, 1, '60091099012', 21, 16),
('94030311234', '2019-02-02', '19:00:00', 4, NULL, 1, '92010112345', 2, 13),
('87050522345', '2007-03-03', '07:00:00', 3, NULL, 1, '87030323456', 2, 14),
('61070733456', '2013-04-04', '08:00:00', 5, NULL, 1, '51080888901', 10, 15),
('56090944567', '2020-05-05', '09:00:00', 2, NULL, 1, '64010166711', 21, 16),
('08021255678', '2018-06-06', '10:00:00', NULL, NULL, 1, '92010112345', 2, 13),
('10040466789', '2017-07-07', '11:00:00', 4, NULL, 1, '71080166711', 5, 17),
('50060677890', '2020-08-08', '12:00:00', 3, NULL, 1, '67040166711', 5, 17),
('51080888901', '2013-09-09', '13:00:00', 5, NULL, 1, '67040166711', 2, 20),
('60091099012', '2024-10-10', '14:00:00', 2, NULL, 0, '92010112345', 2, 20),
('93010100123', '2024-11-11', '15:00:00', NULL, NULL, 0, '72020211234', 1, 19),
('72020211234', '2024-12-12', '16:00:00', 4, NULL, 0, '67040166711', 5, 17),
('96040422105', '2024-02-01', '17:00:00', 3, NULL, 0, '72020211234', 14, 18),
('05050503006', '2024-03-02', '18:00:00', 5, NULL, 0, '72020211234', 1, 19),
('13060642367', '2024-05-03', '19:00:00', NULL, NULL, 0, '92010112345', 5, 17);

INSERT INTO dbo.Oferowanie_uslugi(Nazwa, PESEL_pacjenta, Data, Godzina)
VALUES
('badanie stomatologiczne', '92010112345', '2023-01-01', '07:30:00'),
('badanie stomatologiczne', '92010112345', '2023-01-01', '07:35:00'),
('badanie stomatologiczne', '92010112345', '2023-01-01', '07:36:00'),
('badanie stomatologiczne', '92010112345', '2023-01-01', '07:37:00'),
('badanie stomatologiczne', '92010112345', '2023-01-01', '07:38:00'),
('badanie stomatologiczne', '92010112345', '2023-01-01', '07:39:00'),
('badanie stomatologiczne', '92010112345', '2023-01-01', '07:40:00'),
('badanie stomatologiczne', '92010112345', '2024-01-01', '07:41:00'),
('badanie stomatologiczne', '92010112345', '2024-01-01', '07:42:00'),
('badanie stomatologiczne', '92010112345', '2024-01-01', '07:43:00'),
('szynowanie zębów', '87030323456', '2023-02-02', '07:30:00'),
('implant dentystyczny', '85050534567', '2023-03-03', '08:00:00'),
('szynowanie zębów', '88070745678', '2023-04-04', '10:00:00'),
('implant dentystyczny', '90090956789', '2023-05-05', '11:00:00'),
('badanie stomatologiczne', '08121267890', '2023-06-06', '12:00:00'),
('badanie stomatologiczne', '08121267890', '2023-06-06', '12:01:00'),
('badanie stomatologiczne', '08121267890', '2023-06-06', '12:02:00'),
('badanie stomatologiczne', '08121267890', '2023-06-06', '12:03:00'),
('badanie stomatologiczne', '08121267890', '2023-06-06', '12:04:00'),
('implant dentystyczny', '10010178901', '2023-07-07', '13:00:00'),
('wizyta kontrolna', '07030389012', '2023-08-08', '14:00:00'),
('implant dentystyczny', '11050590123', '2023-09-09', '15:00:00'),
('ekstrakcja zęba', '93070711234', '2023-10-10', '16:00:00'),
('ekstrakcja zęba', '86080822345', '2023-11-11', '17:00:00'),
('konsultacja ortodontyczna', '91091033456', '2023-12-12', '18:00:00'),
('ocena ortodontyczna', '94010144567', '2024-01-01', '19:00:00'),
('implant dentystyczny', '06020255678', '2024-02-02', '07:00:00'),
('konsultacja ortodontyczna', '12040466789', '2024-03-03', '08:00:00'),
('wizyta kontrolna', '04060677890', '2024-04-04', '09:00:00'),
('konsultacja ortodontyczna', '14080888901', '2024-05-05', '10:00:00'),
('zakładanie aparatu stałego', '89091099012', '2024-06-06', '11:00:00'),
('ocena ortodontyczna', '98010100123', '2024-07-07', '12:10:00'),
('ocena ortodontyczna', '98010100123', '2024-07-07', '12:09:00'),
('ocena ortodontyczna', '98010100123', '2024-07-07', '12:08:00'),
('ocena ortodontyczna', '98010100123', '2024-07-07', '12:07:00'),
('ocena ortodontyczna', '98010100123', '2024-07-07', '12:06:00'),
('ocena ortodontyczna', '98010100123', '2024-07-07', '12:05:00'),
('ocena ortodontyczna', '98010100123', '2024-07-07', '12:04:00'),
('ocena ortodontyczna', '98010100123', '2024-07-07', '12:03:00'),
('ocena ortodontyczna', '98010100123', '2024-07-07', '12:02:00'),
('ocena ortodontyczna', '98010100123', '2024-07-07', '12:01:00'),
('wizyta kontrolna', '92020211234', '2024-08-08', '13:00:00'),
('ocena ortodontyczna','96040422345', '2024-09-09', '14:00:00'),
('zakładanie aparatu stałego', '05050533456', '2024-10-10', '15:00:00'),
('próba protetyczna', '13060644567', '2024-11-11', '16:00:00'),
('próba protetyczna', '09080855678', '2024-12-12', '17:00:00'),
('most protetyczny', '11010166789', '2018-01-01', '18:00:00'),
('most protetyczny', '94030311234', '2019-02-02', '19:00:00'),
('proteza stomatologiczna całkowita', '87050522345', '2007-03-03', '07:00:00'),
('proteza stomatologiczna całkowita', '61070733456', '2013-04-04', '08:00:00'),
('leczenie kanałowe', '56090944567', '2020-05-05', '09:00:00'),
('profesjonalne czyszczenie zębów', '08021255678', '2018-06-06', '10:00:00'),
('leczenie kanałowe', '10040466789', '2017-07-07', '11:00:00'),
('usuwanie kamienia nazębnego', '50060677890', '2020-08-08', '12:00:00'),
('usuwanie kamienia nazębnego', '51080888901', '2013-09-09', '13:00:00'),
('wybielanie zębów', '60091099012', '2024-10-10', '14:00:00'),
('profesjonalne czyszczenie zębów', '93010100123', '2024-11-11', '15:00:00'),
('wybielanie zębów', '72020211234', '2024-12-12', '16:00:00'),
('plomba kompozytowa', '96040422105', '2024-02-01', '17:00:00'),
('plomba kompozytowa', '05050503006', '2024-03-02', '18:00:00'),
('profesjonalne czyszczenie zębów', '13060642367', '2024-05-03', '19:00:00');

SELECT * from Wizyty
